-- MariaDB dump 10.19  Distrib 10.11.2-MariaDB, for debian-linux-gnu (x86_64)
--
-- Host: localhost    Database: gwiazdy-zsi
-- ------------------------------------------------------
-- Server version	10.11.2-MariaDB-1

/*!40101 SET @OLD_CHARACTER_SET_CLIENT=@@CHARACTER_SET_CLIENT */;
/*!40101 SET @OLD_CHARACTER_SET_RESULTS=@@CHARACTER_SET_RESULTS */;
/*!40101 SET @OLD_COLLATION_CONNECTION=@@COLLATION_CONNECTION */;
/*!40101 SET NAMES utf8mb4 */;
/*!40103 SET @OLD_TIME_ZONE=@@TIME_ZONE */;
/*!40103 SET TIME_ZONE='+00:00' */;
/*!40014 SET @OLD_UNIQUE_CHECKS=@@UNIQUE_CHECKS, UNIQUE_CHECKS=0 */;
/*!40014 SET @OLD_FOREIGN_KEY_CHECKS=@@FOREIGN_KEY_CHECKS, FOREIGN_KEY_CHECKS=0 */;
/*!40101 SET @OLD_SQL_MODE=@@SQL_MODE, SQL_MODE='NO_AUTO_VALUE_ON_ZERO' */;
/*!40111 SET @OLD_SQL_NOTES=@@SQL_NOTES, SQL_NOTES=0 */;

--
-- Table structure for table `images`
--

DROP TABLE IF EXISTS `images`;
/*!40101 SET @saved_cs_client     = @@character_set_client */;
/*!40101 SET character_set_client = utf8 */;
CREATE TABLE `images` (
  `id` int(11) NOT NULL AUTO_INCREMENT,
  `src` text DEFAULT NULL,
  `local` text DEFAULT NULL,
  PRIMARY KEY (`id`)
) ENGINE=InnoDB AUTO_INCREMENT=745 DEFAULT CHARSET=utf8mb4 COLLATE=utf8mb4_general_ci;
/*!40101 SET character_set_client = @saved_cs_client */;

--
-- Dumping data for table `images`
--

LOCK TABLES `images` WRITE;
/*!40000 ALTER TABLE `images` DISABLE KEYS */;
INSERT INTO `images` VALUES
(326,'https://www.zsi.kielce.pl/wp-content/uploads/photo-gallery/2015pilecki/DSC_0113.JPG',NULL),
(327,'https://www.zsi.kielce.pl/wp-content/uploads/photo-gallery/2015gielda/IMG_3734%20(Small).JPG',NULL),
(328,'https://www.zsi.kielce.pl/wp-content/uploads/photo-gallery/2015gielda/IMG_3696%20(Small).JPG',NULL),
(329,'https://www.zsi.kielce.pl/wp-content/uploads/photo-gallery/2016%20studniowka/12647172_468133136707293_5452053648601032195_n.jpg',NULL),
(330,'https://www.zsi.kielce.pl/wp-content/uploads/photo-gallery/2016%20studniowka/12647016_468133353373938_2610962868594866453_n.jpg',NULL),
(331,'https://www.zsi.kielce.pl/wp-content/uploads/photo-gallery/2016%20studniowka/12592197_468133286707278_1885169365132598641_n.jpg',NULL),
(332,'https://www.zsi.kielce.pl/wp-content/uploads/photo-gallery/20151kwietnia/DSC_0298.JPG',NULL),
(333,'https://www.zsi.kielce.pl/wp-content/uploads/photo-gallery/20151kwietnia/DSC_0297.JPG',NULL),
(334,'https://www.zsi.kielce.pl/wp-content/uploads/photo-gallery/20151kwietnia/DSC_0288.JPG',NULL),
(335,'https://www.zsi.kielce.pl/wp-content/uploads/photo-gallery/20151kwietnia/DSC_0283.JPG',NULL),
(336,'https://www.zsi.kielce.pl/wp-content/uploads/photo-gallery/20151kwietnia/DSC_0281.JPG',NULL),
(337,'https://www.zsi.kielce.pl/wp-content/uploads/photo-gallery/20151kwietnia/DSC_0269.JPG',NULL),
(338,'https://www.zsi.kielce.pl/wp-content/uploads/photo-gallery/20151kwietnia/DSC_0084.JPG',NULL),
(339,'https://www.zsi.kielce.pl/wp-content/uploads/photo-gallery/20151kwietnia/DSC_0040.JPG',NULL),
(340,'https://www.zsi.kielce.pl/wp-content/uploads/photo-gallery/2016Kolorowydzien/DSC_0102.JPG',NULL),
(341,'https://www.zsi.kielce.pl/wp-content/uploads/photo-gallery/2016QuizHistoryczny/DSC_0177.JPG',NULL),
(342,'https://www.zsi.kielce.pl/wp-content/uploads/photo-gallery/2016QuizHistoryczny/DSC_0162.JPG',NULL),
(343,'https://www.zsi.kielce.pl/wp-content/uploads/2016/04/Bez-tytu%C5%82u.jpg',NULL),
(344,'https://www.zsi.kielce.pl/wp-content/uploads/photo-gallery/0000/2016/DzienOtwarty/DSC_0263.JPG',NULL),
(345,'https://www.zsi.kielce.pl/wp-content/uploads/photo-gallery/0000/2016/DzienOtwarty/DSC_0192.JPG',NULL),
(346,'https://www.zsi.kielce.pl/wp-content/uploads/photo-gallery/2016%20maturzysci/13124931_1126546674076018_1486855230127395506_n.jpg',NULL),
(347,'https://www.zsi.kielce.pl/wp-content/uploads/photo-gallery/2016%20maturzysci/13095932_1126546714076014_6550664041446613376_n.jpg',NULL),
(348,'https://www.zsi.kielce.pl/wp-content/uploads/photo-gallery/2016%20maturzysci/13055514_1126546917409327_8273264732252904494_n.jpg',NULL),
(349,'https://www.zsi.kielce.pl/wp-content/uploads/photo-gallery/2016%20maturzysci/13102786_1126545747409444_7801736816288144809_n.jpg',NULL),
(350,'https://www.zsi.kielce.pl/wp-content/uploads/photo-gallery/2016%20maturzysci/13083322_1126545930742759_5988536457950063305_n.jpg',NULL),
(351,'https://www.zsi.kielce.pl/wp-content/uploads/photo-gallery/2016%20maturzysci/13118997_1126545314076154_8610353995274124875_n.jpg',NULL),
(352,'https://www.zsi.kielce.pl/wp-content/uploads/photo-gallery/2016%20maturzysci/13087590_1126545097409509_5078828153277865815_n.jpg',NULL),
(353,'https://www.zsi.kielce.pl/wp-content/uploads/photo-gallery/0000/2016/DzienSportu/IMG_6683.JPG',NULL),
(354,'https://www.zsi.kielce.pl/wp-content/uploads/photo-gallery/0000/2016/DzienSportu/IMG_6677.JPG',NULL),
(355,'https://www.zsi.kielce.pl/wp-content/uploads/photo-gallery/0000/2016/DzienSportu/IMG_5613.JPG',NULL),
(356,'https://www.zsi.kielce.pl/wp-content/uploads/photo-gallery/0000/2016/DzienSportu/IMG_5562.JPG',NULL),
(357,'https://www.zsi.kielce.pl/wp-content/uploads/2016/09/1.jpg',NULL),
(359,'https://www.zsi.kielce.pl/wp-content/uploads/photo-gallery/0000/2016/rozpoczecierokuszkolnego/2.JPG',NULL),
(360,'https://www.zsi.kielce.pl/wp-content/uploads/photo-gallery/0000/2016/rozpoczecierokuszkolnego/3.JPG',NULL),
(361,'https://www.zsi.kielce.pl/wp-content/uploads/photo-gallery/0000/2016/rozpoczecierokuszkolnego/7.JPG',NULL),
(362,'https://www.zsi.kielce.pl/wp-content/uploads/photo-gallery/0000/2016/rozpoczecierokuszkolnego/12.JPG',NULL),
(363,'https://www.zsi.kielce.pl/wp-content/uploads/photo-gallery/0000/2016/rozpoczecierokuszkolnego/13.jpg',NULL),
(364,'https://www.zsi.kielce.pl/wp-content/uploads/photo-gallery/0000/2016/pierwszekroki/DSC_0135.JPG',NULL),
(365,'https://www.zsi.kielce.pl/wp-content/uploads/2016/09/DSC_0025.jpg',NULL),
(367,'https://www.zsi.kielce.pl/wp-content/uploads/photo-gallery/0000/2016/Gramiejska/DSC_0054.JPG',NULL),
(368,'https://www.zsi.kielce.pl/wp-content/uploads/photo-gallery/0000/2016/Gramiejska/DSC_0091.JPG',NULL),
(369,'https://www.zsi.kielce.pl/wp-content/uploads/photo-gallery/0000/2016/slubowanie/DSC_0011.JPG',NULL),
(370,'https://www.zsi.kielce.pl/wp-content/uploads/photo-gallery/0000/2016/slubowanie/DSC_0020.JPG',NULL),
(371,'https://www.zsi.kielce.pl/wp-content/uploads/photo-gallery/0000/2016/slubowanie/DSC_0033.JPG',NULL),
(372,'https://www.zsi.kielce.pl/wp-content/uploads/photo-gallery/0000/2016/slubowanie/DSC_0105.JPG',NULL),
(373,'https://www.zsi.kielce.pl/wp-content/uploads/photo-gallery/0000/2016/slubowanie/DSC_0130.JPG',NULL),
(374,'https://www.zsi.kielce.pl/wp-content/uploads/photo-gallery/0000/2016/slubowanie/DSC_0134.JPG',NULL),
(375,'https://www.zsi.kielce.pl/wp-content/uploads/photo-gallery/0000/2016/slubowanie/DSC_0138.JPG',NULL),
(376,'https://www.zsi.kielce.pl/wp-content/uploads/photo-gallery/0000/2016/slubowanie/DSC_0145.JPG',NULL),
(377,'https://www.zsi.kielce.pl/wp-content/uploads/2016/10/dyrektor.png',NULL),
(378,'https://www.zsi.kielce.pl/wp-content/uploads/2016/10/20161020_091748-2.jpg',NULL),
(379,'https://www.zsi.kielce.pl/wp-content/uploads/2016/12/IMG_1217.jpg',NULL),
(380,'https://www.zsi.kielce.pl/wp-content/uploads/2017/01/IMG_20170127_112258.jpg',NULL),
(381,'https://www.zsi.kielce.pl/wp-content/uploads/2017/01/IMG_20170127_112421-768x512.jpg',NULL),
(382,'https://www.zsi.kielce.pl/wp-content/uploads/2017/01/IMG_20170127_112759-768x527.jpg',NULL),
(383,'https://www.zsi.kielce.pl/wp-content/uploads/2017/02/IMG_9443.jpg',NULL),
(384,'https://www.zsi.kielce.pl/wp-content/uploads/photo-gallery/0000/2017/Studniowka/DSC01733.jpg',NULL),
(385,'https://www.zsi.kielce.pl/wp-content/uploads/photo-gallery/0000/2017/Studniowka/IMG_9423.JPG',NULL),
(386,'https://www.zsi.kielce.pl/wp-content/uploads/photo-gallery/0000/2017/Studniowka/IMG_9443.JPG',NULL),
(387,'https://www.zsi.kielce.pl/wp-content/uploads/photo-gallery/0000/2017/Studniowka/IMG_9472.JPG',NULL),
(388,'https://www.zsi.kielce.pl/wp-content/uploads/2017/02/1-1.jpg',NULL),
(389,'https://www.zsi.kielce.pl/wp-content/uploads/2017/03/DSC_0102.jpg',NULL),
(390,'https://www.zsi.kielce.pl/wp-content/uploads/2017/03/7.jpg',NULL),
(391,'https://www.zsi.kielce.pl/wp-content/uploads/2017/03/10.jpg',NULL),
(392,'https://www.zsi.kielce.pl/wp-content/uploads/2017/03/DSC3132.jpg',NULL),
(393,'https://www.zsi.kielce.pl/wp-content/uploads/photo-gallery/0000/2017/anglomania/_DSC3114.JPG',NULL),
(394,'https://www.zsi.kielce.pl/wp-content/uploads/photo-gallery/0000/2017/anglomania/_DSC3135.JPG',NULL),
(395,'https://www.zsi.kielce.pl/wp-content/uploads/photo-gallery/0000/2017/anglomania/_DSC3126.JPG',NULL),
(396,'https://www.zsi.kielce.pl/wp-content/uploads/photo-gallery/0000/2017/anglomania/_DSC3132.JPG',NULL),
(397,'https://www.zsi.kielce.pl/wp-content/uploads/2017/04/2.jpeg',NULL),
(398,'https://www.zsi.kielce.pl/wp-content/uploads/photo-gallery/0000/2017/pozegnanieklas4/DSC04231.JPG',NULL),
(399,'https://www.zsi.kielce.pl/wp-content/uploads/photo-gallery/0000/2017/pozegnanieklas4/DSC04229.JPG',NULL),
(400,'https://www.zsi.kielce.pl/wp-content/uploads/photo-gallery/0000/2017/pozegnanieklas4/DSC04257.JPG',NULL),
(401,'https://www.zsi.kielce.pl/wp-content/uploads/photo-gallery/0000/2017/pozegnanieklas4/DSC04401.JPG',NULL),
(402,'https://www.zsi.kielce.pl/wp-content/uploads/photo-gallery/0000/2017/pozegnanieklas4/DSC04404.JPG',NULL),
(403,'https://www.zsi.kielce.pl/wp-content/uploads/2017/05/1-1.jpg',NULL),
(405,'https://www.zsi.kielce.pl/wp-content/uploads/photo-gallery/0000/2017/otwarty/2.JPG',NULL),
(406,'https://www.zsi.kielce.pl/wp-content/uploads/photo-gallery/0000/2017/otwarty/4.JPG',NULL),
(407,'https://www.zsi.kielce.pl/wp-content/uploads/photo-gallery/0000/2017/otwarty/3.JPG',NULL),
(408,'https://www.zsi.kielce.pl/wp-content/uploads/photo-gallery/0000/2017/otwarty/5a.JPG',NULL),
(409,'https://www.zsi.kielce.pl/wp-content/uploads/photo-gallery/0000/2017/Profesjonalni/FullSizeRender_5.jpg',NULL),
(410,'https://www.zsi.kielce.pl/wp-content/uploads/photo-gallery/0000/2017/Profesjonalni/FullSizeRender_7.jpg',NULL),
(411,'https://www.zsi.kielce.pl/wp-content/uploads/photo-gallery/0000/2017/Profesjonalni/FullSizeRender_10.jpg',NULL),
(412,'https://www.zsi.kielce.pl/wp-content/uploads/photo-gallery/0000/2017/Profesjonalni/FullSizeRender_15.jpg',NULL),
(413,'https://www.zsi.kielce.pl/wp-content/uploads/photo-gallery/0000/2017/DzienSportu/IMG_3333.JPG',NULL),
(414,'https://www.zsi.kielce.pl/wp-content/uploads/photo-gallery/0000/2017/DzienSportu/IMG_3335.JPG',NULL),
(415,'https://www.zsi.kielce.pl/wp-content/uploads/photo-gallery/0000/2017/DzienSportu/IMG_3406.JPG',NULL),
(416,'https://www.zsi.kielce.pl/wp-content/uploads/photo-gallery/0000/2017/DzienSportu/IMG_3407.JPG',NULL),
(417,'https://www.zsi.kielce.pl/wp-content/uploads/photo-gallery/0000/2017/DzienSportu/IMG_3419.JPG',NULL),
(418,'https://www.zsi.kielce.pl/wp-content/uploads/photo-gallery/0000/2017/DzienSportu/IMG_3420.JPG',NULL),
(419,'https://www.zsi.kielce.pl/wp-content/uploads/photo-gallery/0000/2017/DzienSportu/IMG_3422.JPG',NULL),
(420,'https://www.zsi.kielce.pl/wp-content/uploads/photo-gallery/0000/2017/DzienSportu/IMG_3427.JPG',NULL),
(421,'https://www.zsi.kielce.pl/wp-content/uploads/photo-gallery/0000/2017/DzienSportu/IMG_3434.JPG',NULL),
(422,'https://www.zsi.kielce.pl/wp-content/uploads/photo-gallery/0000/2017/DzienSportu/IMG_3433.JPG',NULL),
(423,'https://www.zsi.kielce.pl/wp-content/uploads/photo-gallery/0000/2017/DzienSportu/IMG_3445.JPG',NULL),
(424,'https://www.zsi.kielce.pl/wp-content/uploads/2017/05/1a.jpg',NULL),
(425,'https://www.zsi.kielce.pl/wp-content/uploads/2017/06/DSCN4119.jpg',NULL),
(426,'https://www.zsi.kielce.pl/wp-content/uploads/photo-gallery/0000/2017/KoniecRoku/IMG_3120.JPG',NULL),
(427,'https://www.zsi.kielce.pl/wp-content/uploads/photo-gallery/0000/2017/KoniecRoku/IMG_3132.JPG',NULL),
(428,'https://www.zsi.kielce.pl/wp-content/uploads/photo-gallery/0000/2017/KoniecRoku/IMG_3161.JPG',NULL),
(429,'https://www.zsi.kielce.pl/wp-content/uploads/photo-gallery/0000/2017/KoniecRoku/IMG_3160.JPG',NULL),
(430,'https://www.zsi.kielce.pl/wp-content/uploads/photo-gallery/0000/2017/KoniecRoku/IMG_3116.JPG',NULL),
(431,'https://www.zsi.kielce.pl/wp-content/uploads/photo-gallery/0000/2017/KoniecRoku/IMG_3162.JPG',NULL),
(432,'https://www.zsi.kielce.pl/wp-content/uploads/photo-gallery/0000/2017/KoniecRoku/IMG_3133.JPG',NULL),
(433,'https://www.zsi.kielce.pl/wp-content/uploads/photo-gallery/0000/2017/KoniecRoku/DSCN4121.JPG',NULL),
(434,'https://www.zsi.kielce.pl/wp-content/uploads/photo-gallery/0000/2017/KoniecRoku/DSCN4119.JPG',NULL),
(435,'https://www.zsi.kielce.pl/wp-content/uploads/photo-gallery/0000/2017/KoniecRoku/DSCN4131.JPG',NULL),
(436,'https://www.zsi.kielce.pl/wp-content/uploads/photo-gallery/0000/2017/KoniecRoku/DSCN4128.JPG',NULL),
(437,'https://www.zsi.kielce.pl/wp-content/uploads/photo-gallery/0000/2017/KoniecRoku/DSCN4130.JPG',NULL),
(438,'https://www.zsi.kielce.pl/wp-content/uploads/photo-gallery/0000/2017/KoniecRoku/DSCN4133.JPG',NULL),
(439,'https://www.zsi.kielce.pl/wp-content/uploads/photo-gallery/0000/2017/rozpoczecierokuszkolnego/DSC05138.JPG',NULL),
(440,'https://www.zsi.kielce.pl/wp-content/uploads/photo-gallery/0000/2017/rozpoczecierokuszkolnego/DSC05141.JPG',NULL),
(442,'https://www.zsi.kielce.pl/wp-content/uploads/photo-gallery/0000/2017/pierwszekroki/DSC05315.JPG',NULL),
(443,'https://www.zsi.kielce.pl/wp-content/uploads/photo-gallery/0000/2017/pierwszekroki/DSC05316.JPG',NULL),
(444,'https://www.zsi.kielce.pl/wp-content/uploads/photo-gallery/0000/2017/pierwszekroki/DSC05329.JPG',NULL),
(445,'https://www.zsi.kielce.pl/wp-content/uploads/photo-gallery/0000/2017/pierwszekroki/DSC05328.JPG',NULL),
(446,'https://www.zsi.kielce.pl/wp-content/uploads/photo-gallery/0000/2017/pierwszekroki/DSC05325.JPG',NULL),
(447,'https://www.zsi.kielce.pl/wp-content/uploads/photo-gallery/0000/2017/pierwszekroki/DSC05331.JPG',NULL),
(448,'https://www.zsi.kielce.pl/wp-content/uploads/photo-gallery/0000/2017/pierwszekroki/DSC05330.JPG',NULL),
(449,'https://www.zsi.kielce.pl/wp-content/uploads/photo-gallery/0000/2017/pierwszekroki/DSC05333.JPG',NULL),
(450,'https://www.zsi.kielce.pl/wp-content/uploads/photo-gallery/0000/2017/pierwszekroki/DSC05332.JPG',NULL),
(451,'https://www.zsi.kielce.pl/wp-content/uploads/photo-gallery/0000/2017/pierwszekroki/DSC05336.JPG',NULL),
(452,'https://www.zsi.kielce.pl/wp-content/uploads/photo-gallery/0000/2017/pierwszekroki/DSC05334.JPG',NULL),
(453,'https://www.zsi.kielce.pl/wp-content/uploads/photo-gallery/0000/2017/pierwszekroki/DSC05344.JPG',NULL),
(454,'https://www.zsi.kielce.pl/wp-content/uploads/2017/09/IMG_20170920_093244567-1.jpg',NULL),
(455,'https://www.zsi.kielce.pl/wp-content/uploads/2017/09/IMG_3241.jpg',NULL),
(457,'https://www.zsi.kielce.pl/wp-content/uploads/photo-gallery/0000/2017/gramiejskawyniki/image1_(2).jpeg',NULL),
(458,'https://www.zsi.kielce.pl/wp-content/uploads/photo-gallery/0000/2017/gramiejskawyniki/image1_(3).jpeg',NULL),
(459,'https://www.zsi.kielce.pl/wp-content/uploads/photo-gallery/0000/2017/gramiejskawyniki/image1_(1).jpeg',NULL),
(460,'https://www.zsi.kielce.pl/wp-content/uploads/photo-gallery/0000/2017/gramiejskawyniki/image4.jpeg',NULL),
(461,'https://www.zsi.kielce.pl/wp-content/uploads/photo-gallery/0000/2017/gramiejskawyniki/image3.jpeg',NULL),
(462,'https://www.zsi.kielce.pl/wp-content/uploads/photo-gallery/0000/2017/gramiejskawyniki/image7.jpeg',NULL),
(463,'https://www.zsi.kielce.pl/wp-content/uploads/photo-gallery/0000/2017/gramiejskawyniki/image8.jpeg',NULL),
(464,'https://www.zsi.kielce.pl/wp-content/uploads/photo-gallery/0000/2017/gramiejskawyniki/image5.jpeg',NULL),
(465,'https://www.zsi.kielce.pl/wp-content/uploads/photo-gallery/0000/2017/gramiejskawyniki/image6.jpeg',NULL),
(466,'https://www.zsi.kielce.pl/wp-content/uploads/photo-gallery/0000/2017/gramiejskawyniki/image9.jpeg',NULL),
(467,'https://www.zsi.kielce.pl/wp-content/uploads/photo-gallery/0000/2017/gramiejskawyniki/image10.jpeg',NULL),
(468,'https://www.zsi.kielce.pl/wp-content/uploads/2017/11/DSC06995.jpg',NULL),
(469,'https://www.zsi.kielce.pl/wp-content/uploads/2017/12/01.jpg',NULL),
(470,'https://www.zsi.kielce.pl/wp-content/uploads/2018/02/IMG_3033-1.jpg',NULL),
(471,'https://www.zsi.kielce.pl/wp-content/uploads/2018/03/IMG_3479.jpg',NULL),
(472,'https://www.zsi.kielce.pl/wp-content/uploads/2018/03/IMG_3466-300x200.jpg',NULL),
(473,'https://www.zsi.kielce.pl/wp-content/uploads/2018/03/IMG_20180323_201226034.jpg',NULL),
(474,'https://www.zsi.kielce.pl/wp-content/uploads/2018/04/na-stron%C4%99.jpg',NULL),
(475,'https://www.zsi.kielce.pl/wp-content/uploads/photo-gallery/0000/2018/HACKATHON/IMG_1377.JPG',NULL),
(476,'https://www.zsi.kielce.pl/wp-content/uploads/photo-gallery/0000/2018/HACKATHON/IMG_1388.JPG',NULL),
(477,'https://www.zsi.kielce.pl/wp-content/uploads/photo-gallery/0000/2018/HACKATHON/IMG_1404.JPG',NULL),
(478,'https://www.zsi.kielce.pl/wp-content/uploads/photo-gallery/0000/2018/HACKATHON/IMG_1401.JPG',NULL),
(479,'https://www.zsi.kielce.pl/wp-content/uploads/2018/05/IMG_4053-2.jpg',NULL),
(480,'https://www.zsi.kielce.pl/wp-content/uploads/photo-gallery/0000/2018/slawomir/IMG_4037.JPG',NULL),
(481,'https://www.zsi.kielce.pl/wp-content/uploads/photo-gallery/0000/2018/slawomir/IMG_4053.JPG',NULL),
(482,'https://www.zsi.kielce.pl/wp-content/uploads/photo-gallery/0000/2018/slawomir/IMG_4032.JPG',NULL),
(483,'https://www.zsi.kielce.pl/wp-content/uploads/photo-gallery/0000/2018/slawomir/IMG_4058.JPG',NULL),
(484,'https://www.zsi.kielce.pl/wp-content/uploads/photo-gallery/0000/2018/slawomir/IMG_4059.JPG',NULL),
(485,'https://www.zsi.kielce.pl/wp-content/uploads/2018/06/DSC03029.jpg',NULL),
(488,'https://www.zsi.kielce.pl/wp-content/uploads/photo-gallery/0000/2018/dziensportu/DSC03007.JPG',NULL),
(489,'https://www.zsi.kielce.pl/wp-content/uploads/photo-gallery/0000/2018/dziensportu/DSC03024.JPG',NULL),
(490,'https://www.zsi.kielce.pl/wp-content/uploads/photo-gallery/0000/2018/dziensportu/DSC03020.JPG',NULL),
(491,'https://www.zsi.kielce.pl/wp-content/uploads/photo-gallery/0000/2018/dziensportu/DSC03023.JPG',NULL),
(492,'https://www.zsi.kielce.pl/wp-content/uploads/photo-gallery/0000/2018/dziensportu/DSC03023.JPG',NULL),
(493,'https://www.zsi.kielce.pl/wp-content/uploads/photo-gallery/0000/2018/dziensportu/DSC03022.JPG',NULL),
(494,'https://www.zsi.kielce.pl/wp-content/uploads/photo-gallery/0000/2018/dziensportu/DSC03017.JPG',NULL),
(495,'https://www.zsi.kielce.pl/wp-content/uploads/photo-gallery/0000/2018/dziensportu/DSC03019.JPG',NULL),
(496,'https://www.zsi.kielce.pl/wp-content/uploads/photo-gallery/0000/2018/dziensportu/DSC02988.JPG',NULL),
(497,'https://www.zsi.kielce.pl/wp-content/uploads/2018/06/35525267_1289105027888376_3189425345161854976_n.jpg',NULL),
(498,'https://www.zsi.kielce.pl/wp-content/uploads/2018/06/IMG_1414-200x300.jpg',NULL),
(499,'https://www.zsi.kielce.pl/wp-content/uploads/2018/06/IMG_1416-200x300.jpg',NULL),
(500,'https://www.zsi.kielce.pl/wp-content/uploads/2018/09/IMG_4706-wybrane.jpg',NULL),
(501,'https://www.zsi.kielce.pl/wp-content/uploads/2018/09/IMG_4699-wybrane.jpg',NULL),
(502,'https://www.zsi.kielce.pl/wp-content/uploads/2018/09/42872918_2060594764004533_8615376371943735296_n-300x225.jpg',NULL),
(503,'https://www.zsi.kielce.pl/wp-content/uploads/2018/10/43161265_2069027766494566_5263501795845472256_n.jpg',NULL),
(504,'https://www.zsi.kielce.pl/wp-content/uploads/2018/10/43169815_2069028259827850_7090681377208664064_n-300x225.jpg',NULL),
(505,'https://www.zsi.kielce.pl/wp-content/uploads/2018/10/43193448_2069028023161207_3261952980420657152_n-300x225.jpg',NULL),
(506,'https://www.zsi.kielce.pl/wp-content/uploads/2018/10/43169815_2069028259827850_7090681377208664064_n-300x225.jpg',NULL),
(507,'https://www.zsi.kielce.pl/wp-content/uploads/2018/10/43127792_2069028156494527_4269394794431643648_n-300x225.jpg',NULL),
(508,'https://www.zsi.kielce.pl/wp-content/uploads/2018/10/43123993_2069027936494549_8109077007091892224_n-300x225.jpg',NULL),
(509,'https://www.zsi.kielce.pl/wp-content/uploads/2018/10/IMG_6247-ma%C5%82e.jpg',NULL),
(510,'https://www.zsi.kielce.pl/wp-content/uploads/2018/10/IMG_6241-ma%C5%82e-300x200.jpg',NULL),
(511,'https://www.zsi.kielce.pl/wp-content/uploads/2018/11/DsXEIJ4XoAABLGI.jpg',NULL),
(512,'https://www.zsi.kielce.pl/wp-content/uploads/2018/11/DsXEKnEXcAEn6Nm-150x150.jpg',NULL),
(513,'https://www.zsi.kielce.pl/wp-content/uploads/2018/12/to.jpg',NULL),
(514,'https://www.zsi.kielce.pl/wp-content/uploads/2018/12/DSC_0465-300x200.jpg',NULL),
(515,'https://www.zsi.kielce.pl/wp-content/uploads/2018/12/DSC_0512-300x200.jpg',NULL),
(516,'https://www.zsi.kielce.pl/wp-content/uploads/2018/12/DSC_0294-300x200.jpg',NULL),
(517,'https://www.zsi.kielce.pl/wp-content/uploads/2019/01/IMG_6475.jpg',NULL),
(518,'https://www.zsi.kielce.pl/wp-content/uploads/2019/01/IMG_6478-300x200.jpg',NULL),
(519,'https://www.zsi.kielce.pl/wp-content/uploads/2019/01/IMG_6479-300x200.jpg',NULL),
(520,'https://www.zsi.kielce.pl/wp-content/uploads/2019/01/IMG_6482-300x200.jpg',NULL),
(521,'https://www.zsi.kielce.pl/wp-content/uploads/2019/01/IMG_6488-300x200.jpg',NULL),
(522,'https://www.zsi.kielce.pl/wp-content/uploads/2019/01/IMG_6499-300x200.jpg',NULL),
(523,'https://www.zsi.kielce.pl/wp-content/uploads/2019/03/53567271_2286845194712821_1770933656022417408_n-300x225.jpg',NULL),
(524,'https://www.zsi.kielce.pl/wp-content/uploads/2019/04/IMG_6985.jpg',NULL),
(525,'https://www.zsi.kielce.pl/wp-content/uploads/2019/04/IMG_6888-300x200.jpg',NULL),
(526,'https://www.zsi.kielce.pl/wp-content/uploads/2019/04/IMG_6902-300x200.jpg',NULL),
(528,'https://www.zsi.kielce.pl/wp-content/uploads/2019/04/IMG_6921-300x200.jpg',NULL),
(529,'https://www.zsi.kielce.pl/wp-content/uploads/2019/04/IMG_6929-300x200.jpg',NULL),
(530,'https://www.zsi.kielce.pl/wp-content/uploads/photo-gallery/0000/2019/sport/IMG_7327.JPG',NULL),
(531,'https://www.zsi.kielce.pl/wp-content/uploads/photo-gallery/0000/2019/sport/IMG_7328.JPG',NULL),
(532,'https://www.zsi.kielce.pl/wp-content/uploads/photo-gallery/0000/2019/sport/IMG_7330.JPG	',NULL),
(533,'https://www.zsi.kielce.pl/wp-content/uploads/photo-gallery/0000/2019/sport/IMG_7335.JPG',NULL),
(534,'https://www.zsi.kielce.pl/wp-content/uploads/photo-gallery/0000/2019/sport/IMG_7338.JPG',NULL),
(535,'https://www.zsi.kielce.pl/wp-content/uploads/photo-gallery/0000/2019/dzien_otwarty/IMG_1984.JPG',NULL),
(536,'https://www.zsi.kielce.pl/wp-content/uploads/photo-gallery/0000/2019/dzien_otwarty/IMG_2042.JPG',NULL),
(537,'https://www.zsi.kielce.pl/wp-content/uploads/photo-gallery/0000/2019/dzien_otwarty/IMG_2054.JPG',NULL),
(538,'https://www.zsi.kielce.pl/wp-content/uploads/photo-gallery/0000/2019/dzien_otwarty/IMG_1984.JPG',NULL),
(539,'https://www.zsi.kielce.pl/wp-content/uploads/2019/09/18r.jpg',NULL),
(541,'https://www.zsi.kielce.pl/wp-content/uploads/photo-gallery/0000/2019/rozpoczecieroku/17r.jpg',NULL),
(542,'https://www.zsi.kielce.pl/wp-content/uploads/2019/09/IMG_8236-300x200.jpg',NULL),
(544,'https://www.zsi.kielce.pl/wp-content/uploads/2019/09/IMG_8242-300x200.jpg',NULL),
(545,'https://www.zsi.kielce.pl/wp-content/uploads/2019/09/IMG_8247-300x200.jpg',NULL),
(546,'https://www.zsi.kielce.pl/wp-content/uploads/photo-gallery/0000/2019/ets/1569677214317.JPEG',NULL),
(547,'https://www.zsi.kielce.pl/wp-content/uploads/photo-gallery/0000/2019/ets/1569677216637.JPEG',NULL),
(548,'https://www.zsi.kielce.pl/wp-content/uploads/photo-gallery/0000/2019/ets/1569677211231.JPEG',NULL),
(549,'https://www.zsi.kielce.pl/wp-content/uploads/photo-gallery/0000/2019/ets/1569677213092.JPEG',NULL),
(550,'https://www.zsi.kielce.pl/wp-content/uploads/photo-gallery/0000/2019/ets/1569677214945.JPEG',NULL),
(551,'https://www.zsi.kielce.pl/wp-content/uploads/photo-gallery/0000/2019/ets/1569677803578.JPEG',NULL),
(552,'https://www.zsi.kielce.pl/wp-content/uploads/photo-gallery/0000/2019/ets/1569678161111.JPEG',NULL),
(553,'https://www.zsi.kielce.pl/wp-content/uploads/2019/10/IMG-20191007-WA0003-300x225.jpg',NULL),
(554,'https://www.zsi.kielce.pl/wp-content/uploads/2019/10/IMG-20191007-WA0002-300x225.jpg',NULL),
(555,'https://www.zsi.kielce.pl/wp-content/uploads/2019/10/MG_9205.jpg',NULL),
(556,'https://www.zsi.kielce.pl/wp-content/uploads/2019/10/MG_9157-300x200.jpg',NULL),
(557,'https://www.zsi.kielce.pl/wp-content/uploads/2019/10/MG_9160-300x200.jpg',NULL),
(558,'https://www.zsi.kielce.pl/wp-content/uploads/2019/10/MG_9197-300x200.jpg',NULL),
(559,'https://www.zsi.kielce.pl/wp-content/uploads/2019/10/MG_9198-300x200.jpg',NULL),
(560,'https://www.zsi.kielce.pl/wp-content/uploads/2019/10/MG_9199-300x200.jpg',NULL),
(561,'https://www.zsi.kielce.pl/wp-content/uploads/2019/10/MG_9204-300x200.jpg',NULL),
(562,'https://www.zsi.kielce.pl/wp-content/uploads/2019/10/MG_9205.jpg',NULL),
(563,'https://www.zsi.kielce.pl/wp-content/uploads/2019/10/MG_9207-300x200.jpg',NULL),
(564,'https://www.zsi.kielce.pl/wp-content/uploads/2019/11/IMG_8849-300x200.jpg',NULL),
(565,'https://www.zsi.kielce.pl/wp-content/uploads/2019/11/IMG_8944-300x200.jpg',NULL),
(566,'https://www.zsi.kielce.pl/wp-content/uploads/2019/12/DSC_0851-300x200.jpg',NULL),
(567,'https://www.zsi.kielce.pl/wp-content/uploads/2019/12/DSC_0888-300x200.jpg',NULL),
(568,'https://www.zsi.kielce.pl/wp-content/uploads/2019/12/IMG_9008-300x200.jpg',NULL),
(569,'https://www.zsi.kielce.pl/wp-content/uploads/2019/12/IMG_9056-300x200.jpg',NULL),
(570,'https://www.zsi.kielce.pl/wp-content/uploads/2020/01/a.jpg',NULL),
(571,'https://www.zsi.kielce.pl/wp-content/uploads/2020/04/powodzenia-team-zsi-informatyk.jpg',NULL),
(572,'https://www.zsi.kielce.pl/wp-content/uploads/2020/11/Tydzie%C5%84-przedsi%C4%99biorczo%C5%9Bci-2020.png',NULL),
(573,'https://www.zsi.kielce.pl/wp-content/uploads/2021/01/IMG_20210126_101149_1.jpg',NULL),
(574,'https://www.zsi.kielce.pl/wp-content/uploads/2021/06/131319714_4286648871399100_361883471830696030_n.jpg',NULL),
(575,'https://www.zsi.kielce.pl/wp-content/uploads/2021/09/DSC7537.jpg',NULL),
(576,'https://www.zsi.kielce.pl/wp-content/uploads/2021/10/247329818_944339302960370_5553214305243822110_n.jpg',NULL),
(577,'https://www.zsi.kielce.pl/wp-content/uploads/2022/02/273049030_5060024857394827_7383638104945346502_n.jpg',NULL),
(578,'https://www.zsi.kielce.pl/wp-content/uploads/2022/04/2.jpg',NULL),
(579,'https://www.zsi.kielce.pl/wp-content/uploads/2022/04/3.jpg',NULL),
(580,'https://www.zsi.kielce.pl/wp-content/uploads/2022/04/IMG_1375.jpg',NULL),
(581,'https://www.zsi.kielce.pl/wp-content/uploads/2022/04/IMG_1388.jpg',NULL),
(582,'https://www.zsi.kielce.pl/wp-content/uploads/2022/04/IMG_1389.jpg',NULL),
(583,'https://www.zsi.kielce.pl/wp-content/uploads/2022/04/IMG_1394.jpg',NULL),
(584,'https://www.zsi.kielce.pl/wp-content/uploads/2022/04/IMG_1412.jpg',NULL),
(585,'https://www.zsi.kielce.pl/wp-content/uploads/2022/04/IMG_1414.jpg',NULL),
(586,'https://www.zsi.kielce.pl/wp-content/uploads/2022/04/IMG_1416.jpg',NULL),
(587,'https://www.zsi.kielce.pl/wp-content/uploads/2022/04/IMG_1418.jpg',NULL),
(588,'https://www.zsi.kielce.pl/wp-content/uploads/2022/09/14.jpg',NULL),
(589,'https://www.zsi.kielce.pl/wp-content/uploads/2022/09/1.jpg',NULL),
(590,'https://www.zsi.kielce.pl/wp-content/uploads/2022/09/5.jpg',NULL),
(591,'https://www.zsi.kielce.pl/wp-content/uploads/2022/09/13.jpg',NULL),
(592,'https://www.zsi.kielce.pl/wp-content/uploads/2022/09/14.jpg',NULL),
(593,'https://www.zsi.kielce.pl/wp-content/uploads/2022/09/miniatura.jpg',NULL),
(594,'https://www.zsi.kielce.pl/wp-content/uploads/2022/09/305745645_450918660404272_170431737480192598_n.jpg',NULL),
(595,'https://www.zsi.kielce.pl/wp-content/uploads/2022/09/305839875_450918680404270_3367231055657893372_n.jpg',NULL),
(596,'https://www.zsi.kielce.pl/wp-content/uploads/2022/09/305964959_450918670404271_8722339969681128650_n.jpg',NULL),
(597,'https://www.zsi.kielce.pl/wp-content/uploads/2022/09/308625163_612966977088257_6983842361378251000_n.jpg',NULL),
(598,'https://www.zsi.kielce.pl/wp-content/uploads/2022/10/309951171_1023522961651443_8327373588071745586_n-1-1024x660.jpg',NULL),
(599,'https://www.zsi.kielce.pl/wp-content/uploads/2022/10/310435520_1466217223847034_3201379617816263807_n-1-1024x722.jpg',NULL),
(600,'https://www.zsi.kielce.pl/wp-content/uploads/2022/10/DSC_5664-1024x683.jpg',NULL),
(601,'https://www.zsi.kielce.pl/wp-content/uploads/2022/10/DSC_5700-1024x683.jpg',NULL),
(602,'https://www.zsi.kielce.pl/wp-content/uploads/2022/10/DSC_5703-1024x683.jpg',NULL),
(603,'https://www.zsi.kielce.pl/wp-content/uploads/2022/10/DSC_5717-1024x683.jpg',NULL),
(604,'https://www.zsi.kielce.pl/wp-content/uploads/2022/10/DSC_5722-1024x683.jpg',NULL),
(605,'https://www.zsi.kielce.pl/wp-content/uploads/2022/10/DSC_5972-683x1024.jpg',NULL),
(606,'https://www.zsi.kielce.pl/wp-content/uploads/2022/10/DSC_5998-1024x683.jpg',NULL),
(607,'https://www.zsi.kielce.pl/wp-content/uploads/2022/10/DSC_5705-1024x683.jpg',NULL),
(608,'https://www.zsi.kielce.pl/wp-content/uploads/2022/10/DSC_6002-1024x683.jpg',NULL),
(609,'https://www.zsi.kielce.pl/wp-content/uploads/2022/10/DSC_6008-1024x683.jpg',NULL),
(610,'https://www.zsi.kielce.pl/wp-content/uploads/2022/10/DSC_6000-1024x683.jpg',NULL),
(611,'https://www.zsi.kielce.pl/wp-content/uploads/2022/10/DSC_6002-1024x683.jpg',NULL),
(612,'https://www.zsi.kielce.pl/wp-content/uploads/2022/10/DSC_6008-1024x683.jpg',NULL),
(613,'https://www.zsi.kielce.pl/wp-content/uploads/2022/10/DSC_6010-1024x683.jpg',NULL),
(614,'https://www.zsi.kielce.pl/wp-content/uploads/2022/10/DSC_6011-1024x683.jpg',NULL),
(615,'https://www.zsi.kielce.pl/wp-content/uploads/2022/10/DSC_6014-1024x683.jpg',NULL),
(616,'https://www.zsi.kielce.pl/wp-content/uploads/2022/10/DSC_6015-1024x683.jpg',NULL),
(617,'https://www.zsi.kielce.pl/wp-content/uploads/2022/10/DSC_57221-1024x683.jpg',NULL),
(618,'https://www.zsi.kielce.pl/wp-content/uploads/2022/10/IMG_1693-1024x683.jpg',NULL),
(619,'https://www.zsi.kielce.pl/wp-content/uploads/2022/10/IMG_1694-1024x683.jpg',NULL),
(620,'https://www.zsi.kielce.pl/wp-content/uploads/2022/10/308703804_663980398439665_9157136130856230037_n.jpg',NULL),
(621,'https://www.zsi.kielce.pl/wp-content/uploads/2022/11/314492824_495533845942753_2525947688183394845_n.jpg',NULL),
(622,'https://www.zsi.kielce.pl/wp-content/uploads/2022/11/313414278_495534222609382_502416493113241611_n.jpg',NULL),
(623,'https://www.zsi.kielce.pl/wp-content/uploads/2022/11/313984597_495533935942744_8191794725888410814_n.jpg',NULL),
(624,'https://www.zsi.kielce.pl/wp-content/uploads/2022/11/314407690_495534102609394_2693491647289523312_n.jpg',NULL),
(625,'https://www.zsi.kielce.pl/wp-content/uploads/2022/11/314492824_495533845942753_2525947688183394845_n.jpg',NULL),
(626,'https://www.zsi.kielce.pl/wp-content/uploads/2022/11/316617499_832044721375156_1532581798600309488_n.jpg',NULL),
(627,'https://www.zsi.kielce.pl/wp-content/uploads/2023/01/327140291_2441831842635805_8573438514682046391_n.jpg',NULL),
(628,'https://www.zsi.kielce.pl/wp-content/uploads/2023/01/327466731_1147273669263425_4865896855763262717_n.jpg',NULL),
(629,'https://www.zsi.kielce.pl/wp-content/uploads/2023/01/327599767_732176238222023_1130518179083779953_n-1024x673.jpg',NULL),
(630,'https://www.zsi.kielce.pl/wp-content/uploads/2023/01/327140291_2441831842635805_8573438514682046391_n.jpg',NULL),
(631,'https://www.zsi.kielce.pl/wp-content/uploads/2023/01/326582488_866130941338975_7842298899954436457_n.jpg',NULL),
(632,'https://www.zsi.kielce.pl/wp-content/uploads/2023/01/DSC_7179-1024x683.jpg',NULL),
(633,'https://www.zsi.kielce.pl/wp-content/uploads/2023/01/326582488_866130941338975_7842298899954436457_n.jpg',NULL),
(634,'https://www.zsi.kielce.pl/wp-content/uploads/2023/01/DSC_7317-1024x683.jpg',NULL),
(635,'https://www.zsi.kielce.pl/wp-content/uploads/2023/01/DSC_72362-1024x683.jpg',NULL),
(636,'https://www.zsi.kielce.pl/wp-content/uploads/2023/01/DSC_7239-683x1024.jpg',NULL),
(637,'https://www.zsi.kielce.pl/wp-content/uploads/2023/03/337238226_577154481145406_8850113246063441322_n2.jpg',NULL),
(638,'https://www.zsi.kielce.pl/wp-content/uploads/2023/03/336909848_3523146304675051_8362799598757437808_n-1024x768.jpg',NULL),
(639,'https://www.zsi.kielce.pl/wp-content/uploads/2023/03/336894016_1277056239832916_7059768994711502754_n-1024x768.jpg',NULL),
(640,'https://www.zsi.kielce.pl/wp-content/uploads/2023/03/337238226_577154481145406_8850113246063441322_n.jpg',NULL),
(641,'https://www.zsi.kielce.pl/wp-content/uploads/2023/04/IMG_20230414_181800.jpg',NULL),
(661,'https://www.zsi.kielce.pl/wp-content/uploads/2023/09/372221799_674177647705715_159447318317504027_n-%E2%80%94-kopia.jpg',''),
(662,'https://www.zsi.kielce.pl/wp-content/uploads/2023/09/375212889_853923739681472_6983367131317202_n-576x1024.jpg',''),
(663,'https://www.zsi.kielce.pl/wp-content/uploads/2023/09/erc-2023.jpg',''),
(664,'https://www.zsi.kielce.pl/wp-content/uploads/2023/10/385074687_709077654588370_2670229578286573589_n.jpg',''),
(666,'https://www.zsi.kielce.pl/wp-content/uploads/2023/10/385019609_708308684665267_5501422793290296360_n-1024x1024.jpg',''),
(667,'https://www.zsi.kielce.pl/wp-content/uploads/2023/10/385038162_708308687998600_1046844098637461196_n-1024x1024.jpg',''),
(668,'https://www.zsi.kielce.pl/wp-content/uploads/2023/10/382237521_707234878105981_8667720621985421870_n.jpg',''),
(670,'https://www.zsi.kielce.pl/wp-content/uploads/2023/10/384996532_706493938180075_8836777079425056394_n.jpg',''),
(671,'https://www.zsi.kielce.pl/wp-content/uploads/2023/10/385778599_710788334417302_6888776265079171362_n-768x1024.jpg',''),
(672,'https://www.zsi.kielce.pl/wp-content/uploads/2023/10/384996580_710787747750694_1451095458440501914_n-1024x768.jpg',''),
(673,'https://www.zsi.kielce.pl/wp-content/uploads/2023/10/DSC_8996-1024x683.jpg',''),
(674,'https://www.zsi.kielce.pl/wp-content/uploads/2023/10/DSC_8999-1024x683.jpg',''),
(675,'https://www.zsi.kielce.pl/wp-content/uploads/2023/10/DSC_9002-1024x683.jpg',''),
(676,'https://www.zsi.kielce.pl/wp-content/uploads/2023/10/DSC_9157-1024x683.jpg',''),
(677,'https://www.zsi.kielce.pl/wp-content/uploads/2023/10/DSC_9152-1024x683.jpg',''),
(678,'https://www.zsi.kielce.pl/wp-content/uploads/2023/10/DSC_9147-1024x683.jpg',''),
(679,'https://www.zsi.kielce.pl/wp-content/uploads/2023/10/20231013_090050-1024x768.jpg',''),
(680,'https://www.zsi.kielce.pl/wp-content/uploads/2023/10/DSC_9135-1024x683.jpg',''),
(681,'https://www.zsi.kielce.pl/wp-content/uploads/2023/10/DSC_9011-1024x683.jpg',''),
(683,'https://lh3.googleusercontent.com/pw/ADCreHdQhPOe8ps8MN3rTaRpsEaxev6TJO9tmRfiXIK8uPQ9DNjvgF6rzp6a8oBXEsukrAsC4VRbsC9PYP_xkul63ExnPI0_QEif4sT_ttXSbuRcREQlukarSKXyEbLaVcGQSL0S-pNfdz2QED0P7YF2WA40=w334-h313-s-no?authuser=0',''),
(684,'https://lh3.googleusercontent.com/pw/ADCreHf436X3i5GPU0qRCLDl44kryR1nfSpizATdDyQ6dYm40oB4n1lb74DlhtRNzn8B2HRHd8KszK9HBzQwYJfaMB5DlQ1lckhfVjaEzc2t1XK9kUQhZ_3Gv6lNzOgNcDtyI3A8_CcohY0_ihBIwaF6rtAu=w972-h633-s-no?authuser=0',''),
(685,'https://lh3.googleusercontent.com/pw/ADCreHe66xSu_PspQATOnp9LK_Bdq181fMFT2W0VnsNe2YHtSEpmfun5Y31F0XQYDCZ5zKJ2VTK-8mByVqQ-w0xbN3EGAjesc1MnWcOutOqVZti3UdLKlJK8-YfEBunFoPEmJsccWyRDlBbIG7gYLSFapSMt=w660-h884-s-no?authuser=0',''),
(686,'https://lh3.googleusercontent.com/pw/ADCreHf4dCOgO3xyQmGhxyhigwBcmE5-lw4sMuJ3AjqJKbKcrq_PstSPzVWvS9grBIRdIEaY-DKtmTRdho-9PRJ30wcwBI46tIjYWE3RgiYOdpoZ3k-QQCKXvCM4a2oxOUBBSi8V5pMH3LAXYrlfNAvqOr5e=w722-h544-s-no?authuser=0',''),
(687,'https://lh3.googleusercontent.com/pw/ADCreHct11JQy46vQCQmdSTHg5v-wcqAR3n2SaPUzfrWeTOyFm0wMvKjtTWjY7v2qtd_vWuPFUS5g4-NFtTsM-jX2MDowP1NGq4O1LTH9t0d-E2K-b-TxT4VL79-KSpxvdwU2RZjRoWfyEO3BZ0_bLeX7bxs=w565-h438-s-no?authuser=0',''),
(688,'https://lh3.googleusercontent.com/pw/ADCreHdpoDHfH9OysPqDv3mzElyn0O0f3Hna65psNeTxUMp_mwj8hWkyGRRcIVQPidgQ2nPu8X0mF84e9CDIqvvEpQuUovWXHHsB0pvcUTiCH3rlQKNCutCLiv8RWauvsx0b9PJc4Q03JIRXzc15ueNntdDp=w753-h663-s-no?authuser=0',''),
(689,'https://lh3.googleusercontent.com/pw/ADCreHepieEvh6nezqXgihGXnVcSt-yeN8qObSXXLuIQ9InWbhRyEhdIOI2a4OV3GhRkKkeONKxHW3pa13H0GXnA8EU0dNa8NEVjtcL62omCCcI3sqIzM3KR8lNnOLr2fXZj7lr4bOfuS_4VrDGE8_GTc-kS=w425-h373-s-no?authuser=0',''),
(690,'https://lh3.googleusercontent.com/pw/ADCreHc5PNXhozObM95p0KTRXvKpfMEIp42QHoqzdbn-s6cq6oH1EnO87PxDGINFlx3DqX7OJvBYBs8d0zJpKNpiv6g1A1AD2VLNUerc4PjW0qwwentnu5S840CwjYW1oEnnhx7n-x5ePN5bxQHNUTmcMu9u=w650-h410-s-no?authuser=0',''),
(691,'https://lh3.googleusercontent.com/pw/ADCreHeDHY1Q4Ds_fq9XlyhpOw0e32oEa_Ln2k2f1mX9NaeLqyS-FQOtzV206mFOxVq8ielA4U_A_2o14hJlrHc_3onSyXtgBIQv6pZHinc5So8AvCza8Oiw55Rxx8OF2ochAPSrIWbuU3oeEltEnUykhvXr=w663-h884-s-no?authuser=0',''),
(692,'https://lh3.googleusercontent.com/pw/ADCreHeVI78Z3R2BCq8y8pKdFnpebpJ_JkFSRRy0LQhcguSUQE735O51vlEhV90KcUa40ZJZhW6J7RYZApF8njWUrp2bMmOMubj1Qp-x522sHcZjrV6GyV43dLQhkTP1upEUpmVdnf3v6HF0xyX73-lffnek=w884-h884-s-no?authuser=0',''),
(693,'https://lh3.googleusercontent.com/pw/ADCreHfgweJFh2wUFkW4rZo93tV_sow4eiuW7-PPmVgGcN8P-wej-aL4hCXrNlj97JTIngzNo_Jo0AlrHXsXeO-7aE12ah6SF_pIxLBSlPjcqkMjVyQcqY4CP_0-z9FQIlYbP5SGIwBiMTaj0mg73EJt27Il=w398-h884-s-no?authuser=0',''),
(694,'https://lh3.googleusercontent.com/pw/ADCreHe43DbuSlgj-x67tGEGhxl_okkc33fOEr_uLDS4CNkV0uIrwuHNObzPnb4HcozfmRuwbdvGp9TXl6iO07mD_RzGLLpX1xClpV4dEqCC-A10a7QY2EbfX91-3YWXrtRPLROfmn9hyK9XIxgoHzrzf0nP=w443-h884-s-no?authuser=0',''),
(695,'https://lh3.googleusercontent.com/pw/ADCreHcMknjkLBCjQr1rhvMgDwAM0poh9UU8XXXNtNfofDh4bwpk-7PkK3HjGuRE4Nzu78EnbS461CzfgXuUAvibt6_meWaTlqhVyR8Wb2J5IR_8p07mffO9_BKmn5AJhZXBFg1WmT5ZORHcGiks8wdnrpzV=w500-h720-s-no?authuser=0',''),
(696,'https://lh3.googleusercontent.com/pw/ADCreHcDwfL4FtLTD0iRLuBRl4jND3s7AK1DW4PEriyDcFP_VfFLmBGzjiWwaSDLlUTYwqiriYimHl5WJWkhqox-rd2IPbQluzZeELePT51oiruqNgeezCXknHqFlJ2I5EPohw1LFL6gskJpYEovqkv-F8j_=w663-h884-s-no?authuser=0',''),
(697,'https://lh3.googleusercontent.com/pw/ADCreHc1q6Nhb4LMrqBRFQfEmRSxvveRyQCPlgtOlJJWKoZZjOxH-P3RrYXCbWKLOQKaq1JDT27uF1-lsePGWpsTAvZV_ynaxSqAUNtAEm6L74f7TfXQHm_8jUMnmSepCbfYjqrObvOnD8CTYl3M1oqG70kq=w419-h884-s-no?authuser=0',''),
(698,'https://lh3.googleusercontent.com/pw/ADCreHcnQMqtdLdtAfNWpVXSNMg0vHK4gm1wHKzxW1Z6jNWer0ASfiokq0v9bwgJrt3ETYfWBdZDyA-Mai0fV7xCh7JEqudtkbavgLPYrk1wfHS1-TWCJUoLC9WKEQfz2_JxzyD36mulcfZWGQIKBOAh2ZDg=w664-h884-s-no?authuser=0',''),
(699,'https://lh3.googleusercontent.com/pw/ADCreHcRTqVSfSnMXnzdkjqdd6Rz0gDzrrjoEcZ1wBzvOvCEK9DGE_B2WJ4MoQNE7HL6BRXvbz3wYmyFyV-ayuXcc-9pc1fXCJN3r3wf2PHnhdmDvLmjtoKVzhhLpd7h4TFhEhXrfxt3w2d93TZPhht2MOwx=w1072-h705-s-no?authuser=0',''),
(700,'https://lh3.googleusercontent.com/pw/ADCreHcg-UGoKVJbgo48c-o1M6FuRzYblF8Y5T606l1iysKk1XMaCf07CiXmiVLSLnKZqW8Tyru9sOeYtSsUtus8ZXz6XRguA_IOqnCJSHuTGQquV3_h2zhiDbRljoaFrgXs9pMJpkGpaDM3ZhidKIieA5-D=w884-h710-s-no?authuser=0',''),
(701,'https://lh3.googleusercontent.com/pw/ADCreHdSlsTdMOUsOn0SMOOaCZ3IheiVML32K_SK_jvdgh8jMhPzjlRSSCDAZq1LQiKifjISrtHYvvInvNt1Oaxvrh_YY3OSWKSM0khh7EWY0LcWnL7ek-nsWX7nSfTII2jSGamvklAm4LVoFZpHP6gh-dOf=w884-h884-s-no?authuser=0',''),
(702,'https://lh3.googleusercontent.com/pw/ADCreHfkr84By0mGQQotBcGhPZbQjv_xS-hN3Aux-6rdrivIc25QnzhmjAmbLSRQqBLEbOOoFIpaccD5HmT3de6wbbImnZR7acPeo_2GirPvo2xuR7VjRnixdv7Kt5tVsxx4mVv4R_jk8wjdz3C_915JSydS=w884-h884-s-no?authuser=0',''),
(703,'https://lh3.googleusercontent.com/pw/ADCreHeS5p9dA21bEvbwntShgQuwxjX_W4d3648caEAUUYhJ66rN5mt34XdHqYf1o3U82uBTAgver5uYCmrnJXtTw8xCuBAlBufH2TbDe4bwVK8hRAPalgIiB_upFpQqCHwl5W7QVIHiWTd4lv_X6mc8KxNK=w884-h884-s-no?authuser=0',''),
(704,'https://lh3.googleusercontent.com/pw/ADCreHeV-x0_Sf6lRzr7onn-Yf0I8mpPA4AaiiThW01IUNAyLRoZAwWYyv7GIWy0Bk3RCI2udt9NZEAF_vwvENRLq9UETN7DVg5ayDHl9gzsyw-fHXaABGMIcbbRSFL6ZBtU451_wAokglf7vcNyiP4Ir2dR=w884-h884-s-no?authuser=0',''),
(705,'https://lh3.googleusercontent.com/pw/ADCreHfyLCbTIiNd_QdO86OcUulYCSQcOShdWcjanFyqDouAWPWt5NFlo1sCG4GIKZEJy7WOB5dQOYkPYCOBIQw_UBsOUj7mVRNEC0lBaJf8o8C9W3nyJJGYVXlwnOUUCIGPGkoIF4Y9ys6lETyVPv6lnfbj=w110-h108-s-no?authuser=0',''),
(706,'https://lh3.googleusercontent.com/pw/ADCreHe1Lr7JsGcxDIpqsATT7fCJJ5JUrfiulXR3qAgFbQvbH5zpk8PqpkQ1OnovhRpTCo-ftMC-27uj2GqT1x3cc7fCGmkxMOnhxW7NJ6DnCQRKd23ggXMUjA7j043k4TMdOuPTVwpsDpQkxzWqvgY1t_5_=w1080-h609-s-no?authuser=0',''),
(707,'https://lh3.googleusercontent.com/pw/ADCreHd0j_9-H-BkZCNg022wbSxXrTlHipiJSpQ83V8W57b97alrdANvem9atYEKtLyHSwMTq58mosLcURG_g5SsKzq-uGKD95CXnguS3KHOODzzr-5mYVqI-BQ6xrwxa37tnzfiTQ1ZPgalOjI1ENIYigDB=w876-h884-s-no?authuser=0',''),
(708,'https://lh3.googleusercontent.com/pw/ADCreHfaNdNFx1LTun6zYL1rsB8FWOG-L-HoOmDytfktWMD8sEcF8BOkTHos0YYIbDle2_9uDu-AeOcsacaiZb1PrhQDgB0hi6eqwvsd_WfAwmzDfrURT1X49ycSprTzMlepWmLOtT4HAq0kaSiwzYneax0L=w395-h884-s-no?authuser=0',''),
(709,'https://lh3.googleusercontent.com/pw/ADCreHflGfiXtgcAHHtoO8r--OkUSWeGlZTtc25SJ4nwCjonEOOYfrLj5BJPaShuEeYNdxxOy10Diqpv65ysNTRJhes-PURxb9MDYb7loH5HrDUs6yTI7jz9cl-4bFC1akZMB55vf-YMbOQr4RnC_Zd3Xm2u=w659-h884-s-no?authuser=0',''),
(710,'https://lh3.googleusercontent.com/pw/ADCreHcI6YViSDzoUJVF3sWaD0c7dF64R-mONJkBhaXufIFmjz3Im644Qs4NdgK_k0cE6-sBjKywNUrStXX8mdEKU7-CGl4sofiLXROXENznGKacti_EX_8B-nFRQkY2AV00B37KAA5hE3r5BgMKEx9e25tG=w638-h638-s-no?authuser=0',''),
(711,'https://lh3.googleusercontent.com/pw/ADCreHfdVl2fl9q20rV6XlxR_9LvbXh6X-1K9-LfltVBXXgmfVKsEXqdz3eu-vaw4-EtFU6nNXRQBFjZo-6mdgoZlIbMtqUVSoZhc_aRZeOi61VHpzl9VJKHGrKv2sBSJhQWwTQlcrDT7eeKRI3qdEf1UVyn=w337-h337-s-no?authuser=0',''),
(712,'https://lh3.googleusercontent.com/pw/ADCreHdrGnd7HenkOvlrnjkPXJKi1Pxlh88u98qBGr7l-qjdtcdl6NTY9Mx5QQYThKTN_USpxEOv6x02VTxay8OeN1SEhZmekI8n-fceyQTg5AWOofdiCOJoM6X9C9p3BGFE0d2ZpbzGS8ymQzlXJLzYuST4=w1080-h699-s-no?authuser=0',''),
(713,'https://lh3.googleusercontent.com/pw/ADCreHfUTsmXqZX5wq624mrZzK26XCfPe0EwSaN_LnI19Zxt4lbeN_K4kCSwJha1qLDfYNHPXSa5W-P14_FJcfi02Zl8vpPl1xmTmla2N5967ByQcCl6GOvA01VtaJ7fmddkcR7LpDN8_PokgYkf2zy1Rrzq=w439-h884-s-no?authuser=0',''),
(714,'https://lh3.googleusercontent.com/pw/ADCreHftlAzPA4fEuphuH9FsMkwxiXzq4imtFsPnvTuGRD8k-o9hcV008gW13By0_N9q3iGBlszILcPQXbMpGOHokmfVmoUTH3DOP5mtyjJBiFebdfdD6m34D3a0EDkcfKgILFgJ-wSrUwrsHskV1u3qgEt0=w663-h884-s-no?authuser=0',''),
(715,'https://lh3.googleusercontent.com/pw/ADCreHcm5piM1Sg3rUwAkykeoco-o5wzo0RfZGdPYa-cxyvpYRi9sJT50vSititNKm0EomoLXp3Tj5Hx4N1iIZO9iXYhWRP3ZuHrCjMqMDfG5i2I9DxkUkDKQuAJbUXSWbE5HGTyjzitxmTxZ7oNhyyr6fiN=w663-h884-s-no?authuser=0',''),
(716,'https://lh3.googleusercontent.com/pw/ADCreHdOhvw7q_lasRVANFoSMVAzfwnRGGdsSPFM-j6lLfQPOX0G18NHfYUxVLScHLoQC7TzqYsRjaZ6MdMZC2CsBq3jjhrFli7wAVYXIz6nmEAuQralxrdqJ1wGMmmnm8S0Up6DRzXdzxITvATUkb9Fjbds=w663-h884-s-no?authuser=0',''),
(717,'https://lh3.googleusercontent.com/pw/ADCreHd07OnYrriTb0KWXsMz7UOJw2osH0zuOwBhqqU-bcBLDv7MSETexlShDUYpaGw-BU6fuQ5DN0oz1pCfRXMpttwR6NWvqOXKmQSjloUbnvfGu9B8YPWFA5jqdYD1l-OCZOAOvddmB8ZTHUo9VHqLMow-=w663-h884-s-no?authuser=0',''),
(718,'https://lh3.googleusercontent.com/pw/ADCreHflFZfRYXiuMVgT4T0h1cjfFkSUO20f1qgRtzOGsn7bSTDNX44RNYu1YWgtUtnGI79DFXB5QozDKf2geI1PDuRO6Z3ykpNI4_Ek0-d_nxVAcoaobLOumV9xotz8jAKS-J8SMwp9-sPDLe6b55oWXYxm=w663-h884-s-no?authuser=0',''),
(719,'https://lh3.googleusercontent.com/pw/ADCreHfLNOaJ4LOSKJnixMlnKJ_SWZ5gk5M9VJV1H_E7fMUBvfSqEeYrrJVOsGo9lpvlUa265GXQqId6TtSQ6tX7z4QAhPVuHwnTDhN8wyLmN0N7pBOo9LlqhHgLIr4DG_-OnHKHQrfeqKqSVla_kUhoT56K=w1179-h884-s-no?authuser=0',''),
(720,'https://lh3.googleusercontent.com/pw/ADCreHdHYo1Amw4RhcFEu66SO-PdWay3CD-rRaSShwkbFc6g9EUIde_5u7YKCdtDnswN6rR20QGv6Gngd99sy1N-9pma-P4PaJjLA6Hs6lgTDeoGssYHOEN8GoDNdfQb-DFg_fJWbo9RFa_99C34vpy1W23W=w661-h884-s-no?authuser=0',''),
(721,'https://lh3.googleusercontent.com/pw/ADCreHfMaO6U10JRDek3iOYEDV9os6HG6xtLyP4a2iDkEdjpRphFmy7cylGMaCrFejDU0TrwKECsiTy0eP-7xhCXwYmQfrNY3k1jl_kfHFESrYeTB8qwmg9z0cJAXosxUKIvrwxu9nzwGKi0kP4o-rRblWXs=w498-h884-s-no?authuser=0',''),
(722,'https://www.zsi.kielce.pl/wp-content/uploads/photo-gallery/2023codeweek/DSC_9372.jpg?bwg=1698044183',''),
(723,'https://scontent-waw1-1.xx.fbcdn.net/v/t39.30808-6/398112718_850395243763046_7233254495303899748_n.jpg?_nc_cat=111&ccb=1-7&_nc_sid=5f2048&_nc_ohc=m8gWd2-SpwgAX_2fF8C&_nc_ht=scontent-waw1-1.xx&oh=00_AfB6r3cWDWY7rnAI3hWeCK-5t6IycaPdrabjQih8u7F7Fg&oe=6546D84D',''),
(724,'https://scontent-waw1-1.xx.fbcdn.net/v/t39.30808-6/396971043_849284863874084_2045449621225390790_n.jpg?_nc_cat=102&ccb=1-7&_nc_sid=5f2048&_nc_ohc=n0TCefGhE0oAX8gjgsD&_nc_ht=scontent-waw1-1.xx&oh=00_AfC2jKu5fRWjinlGeXj7UNFy8mug20YRrAAs2TIkIQQiaQ&oe=6546E3B8',''),
(725,'https://scontent-waw1-1.xx.fbcdn.net/v/t39.30808-6/398166116_849284870540750_7844922561685209610_n.jpg?_nc_cat=102&ccb=1-7&_nc_sid=5f2048&_nc_ohc=2uvG8uNk4MkAX_QLIC5&_nc_ht=scontent-waw1-1.xx&oh=00_AfCpIMVhcIbWUdC22boVuwNfipkaj-TTJXXf3XzbZrRteg&oe=65485873',''),
(726,'https://scontent-waw1-1.xx.fbcdn.net/v/t39.30808-6/396728216_726887689474033_9116296131422467699_n.jpg?_nc_cat=105&ccb=1-7&_nc_sid=5f2048&_nc_ohc=TfZOccA95BEAX-mHSoz&_nc_ht=scontent-waw1-1.xx&oh=00_AfAiRVZ8qbd_0Ml1QSkM-6HWG-UmK6R4brOoKMJRQNfE8Q&oe=65479236',''),
(727,'https://scontent-waw1-1.xx.fbcdn.net/v/t39.30808-6/396706840_726887736140695_7537440609264462480_n.jpg?_nc_cat=106&ccb=1-7&_nc_sid=5f2048&_nc_ohc=5DRyTul7G04AX-TZG86&_nc_ht=scontent-waw1-1.xx&oh=00_AfBuTWjJ5meZlevVCwzc8exqUso3YMT1Pv6l0JMwu4lPbA&oe=654757F7',''),
(728,'https://scontent-waw1-1.xx.fbcdn.net/v/t39.30808-6/396732997_726888209473981_6964567993574951862_n.jpg?_nc_cat=107&ccb=1-7&_nc_sid=5f2048&_nc_ohc=PBVHnxs-FBYAX_tqvuW&_nc_ht=scontent-waw1-1.xx&oh=00_AfCZl3WfySyg7yeJdP6DfAR7KocaFu-cdXvYLVLg2ybCxw&oe=6547A080',''),
(729,'https://scontent-waw1-1.xx.fbcdn.net/v/t39.30808-6/397479467_726888256140643_6543317607926977660_n.jpg?_nc_cat=109&ccb=1-7&_nc_sid=5f2048&_nc_ohc=KcM3p8Bjx6QAX8wG0VW&_nc_ht=scontent-waw1-1.xx&oh=00_AfBGnfK0u0J5lpXkTuQrf5p-JOz1QuDoQ_9xoAptcc556g&oe=654802C2',''),
(730,'https://scontent-waw1-1.xx.fbcdn.net/v/t39.30808-6/396838456_726888289473973_6632691476356766593_n.jpg?_nc_cat=111&ccb=1-7&_nc_sid=5f2048&_nc_ohc=qm5Cyk6m-ckAX9u1RAq&_nc_ht=scontent-waw1-1.xx&oh=00_AfBKnw1QGsiOrfPo0RraYyc8fh5O76cnDaKkCW9Jj5YSVw&oe=6547F8CE',''),
(731,'https://scontent-waw1-1.xx.fbcdn.net/v/t39.30808-6/397999110_726888372807298_7005715579618202434_n.jpg?_nc_cat=109&ccb=1-7&_nc_sid=5f2048&_nc_ohc=ETC2OE5pHLkAX9BKOrq&_nc_ht=scontent-waw1-1.xx&oh=00_AfA_fMMh0tlRqJ7P2FFgmlZcFsPM9T1kC2eb5RquwEEZzQ&oe=65468599',''),
(732,'https://scontent-waw1-1.xx.fbcdn.net/v/t39.30808-6/397492493_726888546140614_6096763136924585374_n.jpg?_nc_cat=101&ccb=1-7&_nc_sid=5f2048&_nc_ohc=aMI0GEh8QOAAX_Cupmx&_nc_ht=scontent-waw1-1.xx&oh=00_AfDSVATZavhThNQqR4GXm2aKNRW1uHT7yoC9Om7-dk12iA&oe=65469EBB',''),
(733,'https://scontent-waw1-1.xx.fbcdn.net/v/t39.30808-6/396715947_726888619473940_4994917895245403498_n.jpg?_nc_cat=109&ccb=1-7&_nc_sid=5f2048&_nc_ohc=Xu6S96TKRr4AX_zNEc5&_nc_ht=scontent-waw1-1.xx&oh=00_AfAeSZvDCz395YnaAJ5tAH5IUkJWoEQLj7Qq28e0HaehLw&oe=6546F853',''),
(734,'https://scontent-waw1-1.xx.fbcdn.net/v/t39.30808-6/397453035_726888639473938_6361007225809412106_n.jpg?_nc_cat=104&ccb=1-7&_nc_sid=5f2048&_nc_ohc=I7zaKbMwiH8AX_IId-1&_nc_ht=scontent-waw1-1.xx&oh=00_AfB0mIQIBR5eJX5iabzlfYmrHdsqcdEsC7Mb3aLxsL3BUg&oe=65484B74',''),
(735,'https://scontent-waw1-1.xx.fbcdn.net/v/t39.30808-6/396720600_726888656140603_4708339988402210577_n.jpg?_nc_cat=110&ccb=1-7&_nc_sid=5f2048&_nc_ohc=E4zHV3Agq50AX9GzGQf&_nc_ht=scontent-waw1-1.xx&oh=00_AfBNrxSXJvY6zzU_qA0gt5pLtBhqRv_-QFu4aaOffj1X2g&oe=65474D6E',''),
(736,'https://scontent-waw1-1.xx.fbcdn.net/v/t39.30808-6/396718466_726607829502019_4449676124250723316_n.jpg?_nc_cat=100&ccb=1-7&_nc_sid=5f2048&_nc_ohc=hu1hRYKpXtQAX-ocUGw&_nc_ht=scontent-waw1-1.xx&oh=00_AfCvzPnj7LFENWM0iGd2lr9mfC_F062Uli-wOpKaJAwshg&oe=6547211B',''),
(737,'https://scontent-waw1-1.xx.fbcdn.net/v/t39.30808-6/397442649_726610946168374_6483148488953270865_n.jpg?_nc_cat=108&ccb=1-7&_nc_sid=5f2048&_nc_ohc=MK8O3HfMtVYAX_Fvw3P&_nc_oc=AQnhPgH58cLti4i4AcjmDn7QZNpF_KjlgFOzxb3C8TxBREkDW6SjgTWItx8MaQhxSbA&_nc_ht=scontent-waw1-1.xx&oh=00_AfDA1CAoRiQgrDEtmnT1bDEOudjX2-bG_6dhBdyHjPylgQ&oe=65474F1F',''),
(739,'https://scontent-waw1-1.xx.fbcdn.net/v/t39.30808-6/398291198_728409542655181_226050248877323600_n.jpg?stp=cp6_dst-jpg&_nc_cat=100&ccb=1-7&_nc_sid=5f2048&_nc_ohc=SZ-hqmEdKP8AX825Qsf&_nc_ht=scontent-waw1-1.xx&oh=00_AfBHUREazV6juh9iOxy6ZE3016andkvlNlpRytGMt87oQQ&oe=654CCF99',''),
(740,'https://scontent-waw1-1.xx.fbcdn.net/v/t39.30808-6/398313199_728409572655178_2902328083037781332_n.jpg?stp=cp6_dst-jpg&_nc_cat=104&ccb=1-7&_nc_sid=5f2048&_nc_ohc=3xHKlBEgi1EAX_nzHyN&_nc_ht=scontent-waw1-1.xx&oh=00_AfDAMxzX4QiVE2gVc2LDz-8_TgOurilgH8Z7TOpCx6MBgw&oe=654C4D6E',''),
(741,'https://scontent-waw1-1.xx.fbcdn.net/v/t39.30808-6/398290442_728409679321834_2890285334393509210_n.jpg?stp=cp6_dst-jpg&_nc_cat=106&ccb=1-7&_nc_sid=5f2048&_nc_ohc=nC9IKlzjA6QAX80kTsK&_nc_oc=AQk3Q6gNfsSbKvdBhfgt3gjbZ9Wtz-bNPkmQgDwZN2IaQpVxHA7j6udHJkXiG-AhaV8&_nc_ht=scontent-waw1-1.xx&oh=00_AfBRtrmy8uF2CGw6xP8fRsPBq6SM6XcKORzSBKOth_mV_w&oe=654CEC4A',''),
(742,'https://scontent-waw1-1.xx.fbcdn.net/v/t39.30808-6/398422992_728409659321836_4730386065078386472_n.jpg?_nc_cat=110&ccb=1-7&_nc_sid=5f2048&_nc_ohc=VspOnG-JwZMAX8u-H3D&_nc_ht=scontent-waw1-1.xx&oh=00_AfD3Y8jVRqLP7sWoTaUh__Q2F_w5n3nS0OWvU1vxTPQw6g&oe=654BF052',''),
(743,'https://scontent-waw1-1.xx.fbcdn.net/v/t39.30808-6/398261423_728409689321833_1544481793838272760_n.jpg?_nc_cat=109&ccb=1-7&_nc_sid=5f2048&_nc_ohc=OfeT5L7HBe0AX9qc0Rm&_nc_ht=scontent-waw1-1.xx&oh=00_AfA0TV14Bn6LRFtAWLsxntQeFRQyYW82Sw5_EAscnP-hVA&oe=654C6BDA',''),
(744,'https://scontent-waw1-1.xx.fbcdn.net/v/t39.30808-6/398322321_728409772655158_8681629614444993697_n.jpg?_nc_cat=108&ccb=1-7&_nc_sid=5f2048&_nc_ohc=xJoalGVx1MQAX9aFZwk&_nc_ht=scontent-waw1-1.xx&oh=00_AfDCVISCMfIFPvCeKUxwvRjrzITnUafPAJ-jjkkVrL2QTw&oe=654B6735','');
/*!40000 ALTER TABLE `images` ENABLE KEYS */;
UNLOCK TABLES;

--
-- Table structure for table `imagesteachers`
--

DROP TABLE IF EXISTS `imagesteachers`;
/*!40101 SET @saved_cs_client     = @@character_set_client */;
/*!40101 SET character_set_client = utf8 */;
CREATE TABLE `imagesteachers` (
  `id` int(11) NOT NULL AUTO_INCREMENT,
  `id_images` int(11) NOT NULL,
  `id_teachers` int(11) NOT NULL,
  PRIMARY KEY (`id`),
  UNIQUE KEY `relations` (`id_images`,`id_teachers`) USING BTREE,
  KEY `imagesteachers_ibfk_2` (`id_teachers`),
  CONSTRAINT `imagesteachers_ibfk_1` FOREIGN KEY (`id_images`) REFERENCES `images` (`id`) ON DELETE CASCADE,
  CONSTRAINT `imagesteachers_ibfk_2` FOREIGN KEY (`id_teachers`) REFERENCES `teachers` (`id`) ON DELETE CASCADE
) ENGINE=InnoDB AUTO_INCREMENT=701 DEFAULT CHARSET=utf8mb4 COLLATE=utf8mb4_general_ci;
/*!40101 SET character_set_client = @saved_cs_client */;

--
-- Dumping data for table `imagesteachers`
--

LOCK TABLES `imagesteachers` WRITE;
/*!40000 ALTER TABLE `imagesteachers` DISABLE KEYS */;
INSERT INTO `imagesteachers` VALUES
(227,326,48),
(7,327,38),
(14,327,71),
(9,328,38),
(11,328,71),
(15,329,28),
(16,330,28),
(17,330,38),
(18,331,28),
(20,332,5),
(443,332,6),
(19,332,28),
(21,332,47),
(22,332,71),
(23,333,28),
(24,334,28),
(25,335,28),
(26,336,28),
(5,337,28),
(444,338,6),
(445,339,6),
(446,340,28),
(226,341,38),
(225,342,38),
(224,343,13),
(447,343,28),
(223,343,38),
(222,344,38),
(221,345,38),
(448,346,28),
(449,346,47),
(450,347,28),
(451,347,47),
(453,348,28),
(452,348,47),
(455,349,28),
(454,349,47),
(388,350,28),
(457,351,28),
(456,351,47),
(345,352,5),
(220,352,13),
(219,352,38),
(458,353,28),
(459,354,28),
(460,355,28),
(342,356,28),
(331,357,28),
(332,357,47),
(461,359,28),
(462,359,47),
(83,360,13),
(84,360,28),
(85,360,47),
(389,361,28),
(390,361,47),
(391,362,28),
(392,362,47),
(377,363,28),
(378,363,47),
(322,364,28),
(108,365,28),
(110,367,5),
(109,367,47),
(218,368,35),
(56,369,28),
(393,370,28),
(61,371,28),
(394,372,28),
(117,373,28),
(118,373,47),
(395,374,28),
(397,374,47),
(396,374,62),
(112,375,28),
(113,375,47),
(398,376,28),
(399,376,47),
(107,377,28),
(217,378,38),
(216,379,28),
(209,380,1),
(212,380,5),
(215,380,6),
(213,380,13),
(214,380,28),
(211,380,69),
(210,380,71),
(337,381,5),
(338,381,28),
(202,382,1),
(207,382,5),
(206,382,6),
(205,382,13),
(204,382,28),
(208,382,33),
(203,382,71),
(400,383,28),
(77,384,5),
(78,384,6),
(80,384,15),
(79,384,23),
(74,384,28),
(73,384,38),
(76,384,47),
(75,384,69),
(401,385,28),
(402,386,28),
(403,387,28),
(404,388,28),
(405,389,28),
(406,390,28),
(341,391,29),
(200,392,15),
(201,392,28),
(407,393,28),
(198,394,15),
(199,394,28),
(351,395,28),
(196,396,15),
(197,396,28),
(408,397,28),
(368,398,28),
(410,399,13),
(409,399,28),
(412,400,5),
(411,400,28),
(413,400,47),
(362,401,28),
(415,402,5),
(414,402,28),
(417,403,13),
(418,403,28),
(416,403,63),
(100,405,6),
(99,405,28),
(195,406,1),
(419,407,13),
(420,408,28),
(194,408,38),
(304,409,6),
(306,409,23),
(305,409,28),
(303,409,33),
(302,409,47),
(307,409,71),
(89,410,28),
(421,411,28),
(422,412,28),
(40,413,29),
(41,414,29),
(423,415,29),
(424,416,29),
(42,417,1),
(90,418,1),
(350,419,13),
(330,420,29),
(81,421,29),
(336,422,29),
(192,423,1),
(426,423,40),
(193,423,51),
(425,424,28),
(427,425,28),
(428,425,47),
(36,426,6),
(35,426,28),
(361,427,28),
(464,428,6),
(465,428,28),
(466,429,6),
(467,429,28),
(441,430,28),
(52,431,6),
(51,431,28),
(53,432,28),
(468,433,28),
(469,433,47),
(105,434,28),
(106,434,47),
(375,435,28),
(470,436,28),
(471,436,47),
(472,437,28),
(473,437,47),
(474,438,28),
(475,438,47),
(57,439,28),
(59,439,47),
(476,440,28),
(477,440,47),
(323,442,28),
(324,442,47),
(480,443,5),
(478,443,28),
(479,443,47),
(54,444,28),
(436,445,28),
(481,446,28),
(482,446,32),
(483,447,28),
(484,447,32),
(485,447,47),
(486,448,28),
(487,448,32),
(381,449,28),
(488,449,47),
(490,450,28),
(489,450,32),
(491,451,28),
(492,451,47),
(493,452,28),
(494,452,47),
(497,453,5),
(498,453,28),
(495,453,32),
(496,453,47),
(499,453,71),
(72,454,28),
(500,455,28),
(386,457,28),
(501,458,28),
(502,459,28),
(190,460,5),
(189,460,28),
(191,460,33),
(503,461,28),
(440,462,28),
(504,463,28),
(505,464,28),
(376,465,28),
(325,466,28),
(506,467,28),
(70,468,28),
(348,469,28),
(385,470,28),
(188,471,48),
(507,472,48),
(187,473,38),
(508,474,28),
(439,475,28),
(509,476,28),
(364,477,28),
(510,478,28),
(512,479,13),
(511,479,23),
(186,480,13),
(185,480,23),
(184,480,28),
(513,481,13),
(514,481,23),
(366,482,13),
(367,482,28),
(359,483,13),
(360,483,23),
(182,484,13),
(183,484,23),
(515,485,28),
(181,488,1),
(517,489,28),
(520,489,62),
(518,490,28),
(519,490,62),
(308,491,28),
(309,491,62),
(521,492,28),
(522,492,62),
(82,493,28),
(523,493,62),
(357,494,28),
(356,494,62),
(379,495,28),
(380,495,62),
(524,496,28),
(313,497,13),
(314,497,69),
(433,498,28),
(180,499,28),
(102,500,28),
(103,500,47),
(525,501,28),
(526,501,47),
(334,502,5),
(335,502,29),
(527,503,28),
(431,504,28),
(432,505,28),
(528,506,28),
(363,507,28),
(344,508,5),
(343,508,28),
(179,509,28),
(178,509,47),
(529,510,28),
(530,512,28),
(531,513,28),
(532,514,28),
(177,515,28),
(175,516,1),
(176,516,29),
(327,517,28),
(328,517,29),
(62,518,28),
(63,518,29),
(173,521,38),
(174,521,47),
(533,522,38),
(534,522,47),
(536,523,29),
(538,524,29),
(539,525,28),
(540,525,47),
(541,526,28),
(543,526,29),
(542,526,47),
(544,528,28),
(545,528,47),
(87,529,28),
(88,529,29),
(86,529,47),
(546,530,28),
(547,531,28),
(548,532,28),
(549,533,28),
(37,534,28),
(550,535,13),
(38,536,1),
(39,537,1),
(349,538,13),
(358,539,28),
(551,541,28),
(60,542,28),
(312,544,28),
(552,545,32),
(101,546,28),
(553,547,28),
(554,548,28),
(555,549,28),
(55,550,28),
(556,551,28),
(557,552,28),
(333,553,28),
(559,554,28),
(561,555,6),
(560,555,28),
(562,555,47),
(116,556,6),
(114,556,28),
(115,556,47),
(563,557,28),
(564,558,28),
(29,559,28),
(329,560,28),
(352,561,28),
(353,561,47),
(567,562,6),
(565,562,28),
(566,562,47),
(568,563,6),
(346,563,28),
(347,563,47),
(104,564,13),
(340,565,28),
(571,566,6),
(572,566,17),
(569,566,28),
(570,566,43),
(573,567,6),
(574,567,28),
(575,567,71),
(577,568,13),
(576,568,43),
(578,568,47),
(581,569,13),
(579,569,23),
(580,569,32),
(582,569,64),
(583,570,28),
(162,571,5),
(168,571,6),
(169,571,13),
(161,571,15),
(160,571,23),
(166,571,28),
(172,571,29),
(163,571,38),
(167,571,47),
(171,571,50),
(164,571,62),
(165,571,64),
(170,571,71),
(27,572,13),
(28,573,28),
(159,574,54),
(584,575,28),
(585,575,47),
(587,576,28),
(586,576,64),
(158,577,15),
(317,578,28),
(318,578,47),
(319,578,65),
(384,579,28),
(588,580,28),
(589,580,47),
(93,581,6),
(91,581,28),
(94,581,47),
(92,581,71),
(591,582,28),
(592,582,47),
(590,582,71),
(310,583,28),
(311,583,47),
(438,584,6),
(374,584,28),
(437,584,47),
(593,585,28),
(594,585,47),
(97,586,6),
(96,586,28),
(98,586,47),
(595,587,28),
(596,587,47),
(370,588,1),
(372,588,6),
(369,588,28),
(371,588,43),
(157,589,28),
(599,590,6),
(597,590,28),
(598,590,47),
(602,591,6),
(600,591,28),
(601,591,47),
(605,592,1),
(604,592,6),
(603,592,28),
(606,592,32),
(607,592,43),
(608,592,69),
(156,593,38),
(155,594,38),
(154,595,38),
(153,596,38),
(611,597,5),
(612,597,8),
(610,597,28),
(609,597,43),
(152,598,13),
(613,599,13),
(614,600,28),
(618,601,5),
(619,601,17),
(620,601,23),
(615,601,28),
(616,601,43),
(617,601,51),
(621,602,28),
(68,603,6),
(67,603,28),
(69,603,47),
(387,604,28),
(151,605,28),
(321,606,28),
(326,607,28),
(625,608,13),
(624,608,23),
(622,608,28),
(623,608,43),
(626,608,51),
(627,609,28),
(149,610,13),
(629,610,23),
(150,610,28),
(628,610,43),
(148,610,51),
(631,611,13),
(630,611,23),
(147,611,28),
(632,611,43),
(146,611,51),
(382,612,28),
(633,613,28),
(373,614,28),
(435,615,28),
(354,616,28),
(71,617,28),
(95,618,28),
(365,619,28),
(145,620,1),
(142,620,28),
(143,620,35),
(141,620,38),
(144,620,48),
(140,620,49),
(315,621,28),
(316,621,47),
(320,621,65),
(636,622,6),
(634,622,28),
(635,622,47),
(640,623,6),
(637,623,28),
(639,623,47),
(642,624,6),
(641,624,28),
(643,624,47),
(647,625,6),
(644,625,28),
(646,625,47),
(648,626,28),
(649,627,28),
(650,628,28),
(651,629,28),
(652,630,28),
(138,631,28),
(139,631,29),
(137,631,48),
(30,632,28),
(31,632,47),
(33,632,54),
(32,632,64),
(34,632,71),
(136,633,28),
(135,633,29),
(134,633,48),
(64,634,13),
(653,634,42),
(65,634,54),
(339,634,65),
(130,635,28),
(132,635,54),
(654,635,63),
(133,635,64),
(131,635,71),
(656,636,29),
(129,636,48),
(657,637,28),
(658,638,28),
(659,639,28),
(127,640,28),
(126,641,38),
(228,661,43),
(229,662,43),
(230,662,71),
(231,663,38),
(232,663,48),
(233,664,18),
(234,666,23),
(235,667,28),
(236,668,15),
(237,670,50),
(238,671,7),
(239,672,7),
(240,672,8),
(241,673,28),
(242,673,47),
(243,673,71),
(246,674,6),
(244,674,28),
(245,674,47),
(250,675,6),
(247,675,28),
(248,675,43),
(249,675,47),
(253,676,6),
(251,676,28),
(255,677,6),
(254,677,28),
(257,678,6),
(256,678,28),
(259,679,28),
(260,679,47),
(258,679,54),
(262,680,23),
(261,680,43),
(263,681,28),
(264,683,1),
(265,684,1),
(266,685,1),
(267,686,28),
(268,687,28),
(269,688,28),
(270,689,28),
(271,690,1),
(272,691,49),
(273,693,28),
(274,694,1),
(275,695,48),
(276,696,28),
(277,697,49),
(278,698,49),
(279,699,28),
(280,700,28),
(281,701,28),
(282,702,28),
(283,703,28),
(284,704,28),
(285,705,38),
(286,706,1),
(287,707,35),
(288,708,49),
(289,709,1),
(290,710,49),
(291,711,38),
(292,712,28),
(293,713,17),
(294,714,35),
(295,715,35),
(296,716,35),
(297,717,17),
(298,718,17),
(299,719,17),
(300,720,28),
(301,721,1),
(430,722,48),
(429,722,49),
(660,723,28),
(662,724,6),
(661,724,47),
(664,725,6),
(663,725,47),
(665,726,28),
(666,727,28),
(667,728,28),
(668,729,28),
(669,730,28),
(670,731,28),
(671,732,28),
(672,733,28),
(673,734,28),
(674,735,28),
(675,736,43),
(677,737,8),
(676,737,43),
(678,737,51),
(681,739,8),
(680,739,43),
(682,740,8),
(683,740,43),
(684,740,47),
(686,741,6),
(685,741,8),
(688,741,43),
(687,741,47),
(691,742,6),
(689,742,8),
(690,742,43),
(692,742,47),
(695,743,6),
(693,743,8),
(694,743,43),
(696,743,47),
(699,744,6),
(697,744,8),
(700,744,43),
(698,744,47);
/*!40000 ALTER TABLE `imagesteachers` ENABLE KEYS */;
UNLOCK TABLES;

--
-- Table structure for table `teachers`
--

DROP TABLE IF EXISTS `teachers`;
/*!40101 SET @saved_cs_client     = @@character_set_client */;
/*!40101 SET character_set_client = utf8 */;
CREATE TABLE `teachers` (
  `id` int(11) NOT NULL AUTO_INCREMENT,
  `name` varchar(255) NOT NULL,
  PRIMARY KEY (`id`)
) ENGINE=InnoDB AUTO_INCREMENT=75 DEFAULT CHARSET=utf8mb4 COLLATE=utf8mb4_general_ci;
/*!40101 SET character_set_client = @saved_cs_client */;

--
-- Dumping data for table `teachers`
--

LOCK TABLES `teachers` WRITE;
/*!40000 ALTER TABLE `teachers` DISABLE KEYS */;
INSERT INTO `teachers` VALUES
(1,'Arciszewski Artur'),
(2,'Bem Jarosaw'),
(3,'Bogacz Nina'),
(4,'Charabin Ewa'),
(5,'Chmiel Wioletta'),
(6,'Dubik Anna'),
(7,'Dutkiewicz Iwona'),
(8,'Gaczyska-Karasek Marta'),
(9,'Giedyk Miroslaw'),
(10,'Gierada Agnieszka'),
(11,'Ginter Anna'),
(12,'Grabda Agnieszka'),
(13,'Grimm Katarzyna'),
(14,'Hipsz Jarosaw'),
(15,'Jagieo Hanna'),
(16,'Jakubczyk Monika'),
(17,'Janaszek Piotr'),
(18,'Jaszczyk Agnieszka'),
(19,'Kaczmarczyk Monika'),
(20,'Klicka Irminia'),
(21,'Kogut Micha'),
(22,'Koodziejski Sawomir'),
(23,'Kosacka Magdalena'),
(24,'Kosmala Dorota'),
(25,'Kostucha Micha'),
(26,'Kowal Agnieszka'),
(27,'Kowalczyk Katarzyna'),
(28,'Kozie Tomasz'),
(29,'Kozowska Marta'),
(30,'Kubasiewicz Jolanta'),
(31,'Lenart Agnieszka'),
(32,'Lis Izabela'),
(33,'Ludwinek Aleksandra'),
(34,'achowska Klaudia'),
(35,'azarski Mariusz'),
(36,'Majer Jacek'),
(37,'Matusiak Marek'),
(38,'Mazur Sebastian'),
(39,'Mdzik- Bosiska Ewa'),
(40,'Misiowiec Grzegorz'),
(41,'Misiowiec Kinga'),
(42,'Mierzwa Marek'),
(43,'Miszczyk Paulina'),
(44,'Mgosiek Joanna'),
(45,'Mochocka Dorota'),
(46,'Niekurzak Kamil'),
(47,'Nikodem Lucyna'),
(48,'Nikodem Mariusz'),
(49,'Orliski Artur'),
(50,'Papucki Sebastian'),
(51,'Paszek-Misztal Anna'),
(52,'Raduszewski Marek'),
(53,'Robak Agnieszka'),
(54,'Rokosz Jarosaw'),
(55,'Rwnicki Hubert'),
(56,'Ruszczak Ewa'),
(57,'Rysiska Elbieta'),
(58,'Snoch Tomasz'),
(59,'Stochmal Magdalena'),
(60,'Symula Beata'),
(61,'Szczerba-Folfas Katarzyna'),
(62,'Szwajca Tamara'),
(63,'liwa Anna'),
(64,'lusarczyk Magorzata'),
(65,'Tamborska Marlena'),
(66,'Tuchowski Berna'),
(67,'Tylec Joanna'),
(68,'Tomicki ukasz'),
(69,'Urbaska Magorzata'),
(70,'Wawrzoa Sylwester'),
(71,'Wilczkowska Magorzata'),
(72,'Winkler Joanna'),
(73,'Winkler Rafa'),
(74,'Woonkiewicz Mirosaw');
/*!40000 ALTER TABLE `teachers` ENABLE KEYS */;
UNLOCK TABLES;

--
-- Table structure for table `users`
--

DROP TABLE IF EXISTS `users`;
/*!40101 SET @saved_cs_client     = @@character_set_client */;
/*!40101 SET character_set_client = utf8 */;
CREATE TABLE `users` (
  `id` int(11) NOT NULL AUTO_INCREMENT,
  `login` varchar(255) NOT NULL,
  `password` text NOT NULL,
  `token` text DEFAULT NULL,
  PRIMARY KEY (`id`),
  UNIQUE KEY `login` (`login`)
) ENGINE=InnoDB AUTO_INCREMENT=4 DEFAULT CHARSET=utf8mb4 COLLATE=utf8mb4_general_ci;
/*!40101 SET character_set_client = @saved_cs_client */;

--
-- Dumping data for table `users`
--

LOCK TABLES `users` WRITE;
/*!40000 ALTER TABLE `users` DISABLE KEYS */;
INSERT INTO `users` VALUES
(1,'admin','Ty4Mf4VOD9zf3C1dfX1iTU3B7vbCVqjAQCx3PrkmBzc=','');
/*!40000 ALTER TABLE `users` ENABLE KEYS */;
UNLOCK TABLES;
/*!40103 SET TIME_ZONE=@OLD_TIME_ZONE */;

/*!40101 SET SQL_MODE=@OLD_SQL_MODE */;
/*!40014 SET FOREIGN_KEY_CHECKS=@OLD_FOREIGN_KEY_CHECKS */;
/*!40014 SET UNIQUE_CHECKS=@OLD_UNIQUE_CHECKS */;
/*!40101 SET CHARACTER_SET_CLIENT=@OLD_CHARACTER_SET_CLIENT */;
/*!40101 SET CHARACTER_SET_RESULTS=@OLD_CHARACTER_SET_RESULTS */;
/*!40101 SET COLLATION_CONNECTION=@OLD_COLLATION_CONNECTION */;
/*!40111 SET SQL_NOTES=@OLD_SQL_NOTES */;

-- Dump completed on 2024-01-29 10:42:34
